{"cameraMode":{"drawMode":0,"name":"Shaded","section":"Shading Mode"},"sceneLighting":false,"audioPlay":false,"sceneViewState":{"m_AlwaysRefresh":false,"showFog":false,"showSkybox":false,"showFlares":true,"showImageEffects":true,"showParticleSystems":true,"showVisualEffectGraphs":true,"m_FxEnabled":true},"in2DMode":false,"pivot":{"x":0.785294771194458,"y":0.9692403674125671,"z":0.32579439878463747},"rotation":{"x":-0.017733635380864145,"y":0.9807299375534058,"z":-0.1075339987874031,"w":-0.16237622499465943},"size":0.8980444669723511,"orthographic":true}