{"cameraMode":{"drawMode":0,"name":"Shaded","section":"Shading Mode"},"sceneLighting":false,"audioPlay":false,"sceneViewState":{"m_AlwaysRefresh":false,"showFog":false,"showSkybox":false,"showFlares":true,"showImageEffects":true,"showParticleSystems":true,"showVisualEffectGraphs":true,"m_FxEnabled":true},"in2DMode":false,"pivot":{"x":0.007357120513916016,"y":-0.15467190742492677,"z":-0.09765136241912842},"rotation":{"x":-0.09576603025197983,"y":0.8912398815155029,"z":-0.222649946808815,"w":-0.3833400309085846},"size":2.5840654373168947,"orthographic":false}