{"cameraMode":{"drawMode":0,"name":"Shaded","section":"Shading Mode"},"sceneLighting":true,"audioPlay":false,"sceneViewState":{"m_AlwaysRefresh":false,"showFog":false,"showSkybox":false,"showFlares":true,"showImageEffects":true,"showParticleSystems":true,"showVisualEffectGraphs":true,"m_FxEnabled":true},"in2DMode":false,"pivot":{"x":-5.585502624511719,"y":1.0383943319320679,"z":1.6011302471160889},"rotation":{"x":-0.33464914560317995,"y":-0.34961220622062685,"z":0.13532355427742005,"w":-0.8645732998847961},"size":2.8621771335601808,"orthographic":false}